student_id,course,date,activity_type,score,error_count,time_spent_min
S20250001,电路分析实验,2025-10-10,测验,78.94085475420219,,
S20250001,电路分析实验,2025-09-01,课堂互动,60.0,,
S20250001,电路分析实验,2025-09-09,课堂互动,20.0,,
S20250001,电路分析实验,2025-09-19,课堂互动,40.0,,
S20250001,电路分析实验,2025-09-09,作业提交,78.34082838594578,,
S20250001,电路分析实验,2025-12-12,课堂互动,100.0,,
S20250001,电路分析实验,2025-09-16,实验操作,84.71532807151038,0.0,60.23029856408026
S20250001,电路分析实验,2025-09-14,作业提交,83.34849550640165,,
S20250001,电路分析实验,2025-10-16,作业提交,92.12618341767832,,
S20250002,电路分析实验,2025-10-02,测验,59.54419358757673,,
S20250002,电路分析实验,2025-09-30,测验,60.54694347079334,,
S20250002,电路分析实验,2025-11-15,课堂互动,100.0,,
S20250002,电路分析实验,2025-10-19,作业提交,73.1434380109503,,
S20250002,电路分析实验,2025-12-23,课堂互动,0.0,,
S20250002,电路分析实验,2025-11-27,作业提交,68.91100594703474,,
S20250002,电路分析实验,2025-09-05,实验操作,35.81176480959598,2.0,54.50369682396903
S20250002,电路分析实验,2025-12-25,课堂互动,60.0,,
S20250002,电路分析实验,2025-11-14,课堂互动,0.0,,
S20250002,电路分析实验,2025-11-10,作业提交,69.10371109374547,,
S20250003,电路分析实验,2025-12-23,作业提交,63.05235558397651,,
S20250003,电路分析实验,2025-09-01,测验,96.38167784058797,,
S20250003,电路分析实验,2025-10-06,测验,65.93602659124235,,
S20250003,电路分析实验,2025-11-12,测验,71.21550768438263,,
S20250003,电路分析实验,2025-10-29,作业提交,62.90302176543852,,
S20250003,电路分析实验,2025-09-13,课堂互动,20.0,,
S20250003,电路分析实验,2025-10-30,作业提交,73.4674073056978,,
S20250003,电路分析实验,2025-11-26,课堂互动,100.0,,
S20250003,电路分析实验,2025-12-24,测验,71.99660661477759,,
S20250003,电路分析实验,2025-11-07,测验,49.28211560639855,,
S20250003,电路分析实验,2025-10-20,课堂互动,20.0,,
S20250003,电路分析实验,2025-10-25,作业提交,84.50837622014807,,
S20250003,电路分析实验,2025-10-08,测验,59.18850358146151,,
S20250004,电路分析实验,2025-10-07,实验操作,70.62459375310085,1.0,44.86502775262066
S20250004,电路分析实验,2025-09-29,实验操作,59.13433606566149,0.0,42.705495461680435
S20250004,电路分析实验,2025-09-10,作业提交,84.67218695907349,,
S20250004,电路分析实验,2025-10-26,作业提交,64.8185706329283,,
S20250004,电路分析实验,2025-09-28,测验,89.65586075843808,,
S20250004,电路分析实验,2025-09-30,实验操作,100.0,0.0,56.936397242823176
S20250004,电路分析实验,2025-10-04,测验,83.29239843991739,,
S20250004,电路分析实验,2025-11-03,测验,73.08462906141946,,
S20250004,电路分析实验,2025-10-31,测验,67.91833091701167,,
S20250005,电路分析实验,2025-09-29,实验操作,70.48344456616067,0.0,52.73700416833682
S20250005,电路分析实验,2025-09-17,实验操作,66.92787507505561,0.0,48.43618289568462
S20250005,电路分析实验,2025-11-07,课堂互动,100.0,,
S20250005,电路分析实验,2025-11-29,课堂互动,0.0,,
S20250005,电路分析实验,2025-09-27,课堂互动,60.0,,
S20250005,电路分析实验,2025-09-21,作业提交,58.843518135647194,,
S20250005,电路分析实验,2025-10-20,测验,75.83351144910631,,
S20250005,电路分析实验,2025-11-28,实验操作,69.22376579375525,0.0,50.821227947130396
S20250005,电路分析实验,2025-11-24,课堂互动,80.0,,
S20250005,电路分析实验,2025-11-13,作业提交,90.65298151512029,,
S20250005,电路分析实验,2025-12-09,实验操作,88.41498495163142,0.0,52.54997797244736
S20250005,电路分析实验,2025-09-12,课堂互动,100.0,,
S20250006,电路分析实验,2025-12-24,作业提交,69.92938972132833,,
S20250006,电路分析实验,2025-09-07,课堂互动,20.0,,
S20250006,电路分析实验,2025-12-28,实验操作,70.36181436223178,1.0,40.2082576215471
S20250006,电路分析实验,2025-09-16,课堂互动,60.0,,
S20250006,电路分析实验,2025-09-23,实验操作,72.21511535004274,0.0,56.79716344700701
S20250006,电路分析实验,2025-11-26,实验操作,61.52688090816483,1.0,34.621701234845176
S20250006,电路分析实验,2025-09-07,课堂互动,40.0,,
S20250006,电路分析实验,2025-10-29,作业提交,79.09035505966177,,
S20250006,电路分析实验,2025-09-27,实验操作,89.5944530063368,0.0,52.95595463895942
S20250006,电路分析实验,2025-11-09,作业提交,79.57008753068058,,
S20250006,电路分析实验,2025-09-15,实验操作,98.4696548372101,0.0,41.01361609984799
S20250007,电路分析实验,2025-11-05,测验,68.90444642545457,,
S20250007,电路分析实验,2025-09-11,实验操作,53.71874312112896,2.0,55.42491617339421
S20250007,电路分析实验,2025-10-24,作业提交,97.73472853689819,,
S20250007,电路分析实验,2025-10-29,作业提交,73.78075738071624,,
S20250007,电路分析实验,2025-10-24,测验,55.447115147922624,,
S20250007,电路分析实验,2025-11-25,作业提交,73.97891547698556,,
S20250007,电路分析实验,2025-12-25,课堂互动,80.0,,
S20250007,电路分析实验,2025-10-21,测验,86.47723811863733,,
S20250007,电路分析实验,2025-11-01,作业提交,83.94501331591621,,
S20250008,电路分析实验,2025-09-13,课堂互动,60.0,,
S20250008,电路分析实验,2025-10-10,课堂互动,60.0,,
S20250008,电路分析实验,2025-10-30,测验,60.464316332193306,,
S20250008,电路分析实验,2025-12-19,实验操作,82.69901149670034,1.0,37.979469061226474
S20250008,电路分析实验,2025-11-03,作业提交,76.06805424082678,,
S20250008,电路分析实验,2025-10-04,作业提交,75.29470216241411,,
S20250008,电路分析实验,2025-12-27,实验操作,53.04727577801822,2.0,18.4482395243653
S20250008,电路分析实验,2025-09-12,课堂互动,0.0,,
S20250008,电路分析实验,2025-10-10,作业提交,84.1462153266652,,
S20250008,电路分析实验,2025-11-19,作业提交,75.25380258103648,,
S20250008,电路分析实验,2025-10-19,实验操作,70.66294715295086,0.0,43.387142883339905
S20250009,电路分析实验,2025-10-11,实验操作,81.06076285221808,0.0,35.56943191532738
S20250009,电路分析实验,2025-10-05,作业提交,96.84750486391152,,
S20250009,电路分析实验,2025-11-07,实验操作,74.7217379323254,0.0,28.26495378009777
S20250009,电路分析实验,2025-11-11,实验操作,75.90345314911539,0.0,69.63242112485287
S20250009,电路分析实验,2025-10-29,课堂互动,0.0,,
S20250009,电路分析实验,2025-10-24,作业提交,85.73304919320232,,
S20250009,电路分析实验,2025-09-18,课堂互动,100.0,,
S20250009,电路分析实验,2025-11-26,测验,65.33748439469997,,
S20250009,电路分析实验,2025-09-21,作业提交,73.1034895086392,,
S20250010,电路分析实验,2025-09-06,测验,62.4130320338821,,
S20250010,电路分析实验,2025-11-14,作业提交,84.07785157023973,,
S20250010,电路分析实验,2025-10-04,测验,69.86715730099769,,
S20250010,电路分析实验,2025-10-27,测验,83.81134309671528,,
S20250010,电路分析实验,2025-11-04,作业提交,66.2024890700677,,
S20250010,电路分析实验,2025-11-21,实验操作,63.369958410645836,1.0,52.73140855889249
S20250010,电路分析实验,2025-12-19,实验操作,96.07807958817281,0.0,58.92325753491903
S20250010,电路分析实验,2025-09-21,测验,52.17034614764761,,
S20250010,电路分析实验,2025-09-10,课堂互动,60.0,,
S20250010,电路分析实验,2025-11-15,测验,59.80664086715011,,
S20250011,电路分析实验,2025-12-17,实验操作,76.49477047631461,1.0,39.96524345883801
S20250011,电路分析实验,2025-12-08,实验操作,51.74004853400801,1.0,45.68562974806027
S20250011,电路分析实验,2025-10-03,实验操作,61.20863648649295,1.0,60.499344050175395
S20250011,电路分析实验,2025-11-30,测验,55.90144073794773,,
S20250011,电路分析实验,2025-11-15,课堂互动,0.0,,
S20250011,电路分析实验,2025-11-07,作业提交,76.1352618055319,,
S20250011,电路分析实验,2025-09-08,作业提交,89.76220660843603,,
S20250011,电路分析实验,2025-09-06,作业提交,65.22962820279254,,
S20250011,电路分析实验,2025-11-28,测验,74.09427882287433,,
S20250011,电路分析实验,2025-12-07,作业提交,95.68571305138914,,
S20250011,电路分析实验,2025-09-08,测验,41.0653017778979,,
S20250011,电路分析实验,2025-12-10,作业提交,82.21560630238766,,
S20250011,电路分析实验,2025-12-12,课堂互动,60.0,,
S20250011,电路分析实验,2025-12-15,作业提交,83.11859353098109,,
S20250011,电路分析实验,2025-10-13,实验操作,86.72734307665965,0.0,57.993968142644874
S20250012,电路分析实验,2025-09-08,实验操作,61.9928076592567,3.0,47.26288269498875
S20250012,电路分析实验,2025-12-05,实验操作,87.71102148864958,0.0,47.93072473298681
S20250012,电路分析实验,2025-12-17,实验操作,64.28472872960448,0.0,46.74833011991471
S20250012,电路分析实验,2025-09-16,实验操作,56.74717661461142,2.0,35.253183297726785
S20250012,电路分析实验,2025-11-22,作业提交,89.44501524490943,,
S20250012,电路分析实验,2025-09-10,作业提交,93.90314694808885,,
S20250012,电路分析实验,2025-10-10,测验,55.22771826966921,,
S20250012,电路分析实验,2025-12-04,测验,87.34077032639779,,
S20250012,电路分析实验,2025-09-08,测验,77.43005668485696,,
S20250012,电路分析实验,2025-09-04,作业提交,89.86472191993388,,
S20250012,电路分析实验,2025-10-07,测验,100.0,,
S20250012,电路分析实验,2025-09-04,实验操作,71.31917825995694,0.0,37.4626383564251
S20250012,电路分析实验,2025-09-27,作业提交,90.54408257829076,,
S20250012,电路分析实验,2025-10-23,测验,65.68729885251143,,
S20250012,电路分析实验,2025-12-29,实验操作,93.1407295602995,0.0,50.37960003691995
S20250013,电路分析实验,2025-10-25,课堂互动,60.0,,
S20250013,电路分析实验,2025-12-20,课堂互动,60.0,,
S20250013,电路分析实验,2025-12-24,测验,65.2361770017168,,
S20250013,电路分析实验,2025-11-02,作业提交,100.0,,
S20250013,电路分析实验,2025-09-22,作业提交,87.50800817318007,,
S20250013,电路分析实验,2025-11-05,课堂互动,20.0,,
S20250013,电路分析实验,2025-09-13,实验操作,62.14263665375576,0.0,45.41980064470023
S20250013,电路分析实验,2025-09-21,实验操作,72.94092274353275,0.0,42.76537214674149
S20250013,电路分析实验,2025-11-04,课堂互动,0.0,,
S20250013,电路分析实验,2025-09-17,实验操作,85.71000741138138,0.0,43.758676111183405
S20250013,电路分析实验,2025-11-22,测验,83.3261347230593,,
S20250013,电路分析实验,2025-11-29,作业提交,74.57045321186396,,
S20250013,电路分析实验,2025-12-20,实验操作,86.65574692355412,0.0,40.53485047932979
S20250013,电路分析实验,2025-11-21,实验操作,87.84598191485209,0.0,52.101092403639534
S20250014,电路分析实验,2025-09-01,实验操作,76.38718307326646,1.0,47.30953722945133
S20250014,电路分析实验,2025-10-25,实验操作,62.86594662914458,1.0,55.574235088623766
S20250014,电路分析实验,2025-12-28,作业提交,80.61633031375563,,
S20250014,电路分析实验,2025-10-03,测验,85.70404883788815,,
S20250014,电路分析实验,2025-10-18,实验操作,90.99297816146607,1.0,54.05121959956559
S20250014,电路分析实验,2025-10-23,作业提交,72.75314753018566,,
S20250014,电路分析实验,2025-11-18,实验操作,79.56673679806279,1.0,47.57207490980107
S20250014,电路分析实验,2025-11-04,实验操作,96.56034492500291,1.0,45.07306372740632
S20250014,电路分析实验,2025-12-06,测验,74.18133084717529,,
S20250014,电路分析实验,2025-09-17,课堂互动,40.0,,
S20250015,电路分析实验,2025-12-24,课堂互动,20.0,,
S20250015,电路分析实验,2025-11-28,课堂互动,60.0,,
S20250015,电路分析实验,2025-11-21,作业提交,82.11417106462785,,
S20250015,电路分析实验,2025-12-22,课堂互动,60.0,,
S20250015,电路分析实验,2025-10-02,课堂互动,0.0,,
S20250015,电路分析实验,2025-10-07,实验操作,57.71151942509977,0.0,29.992316067928257
S20250015,电路分析实验,2025-09-30,测验,61.26345613907614,,
S20250015,电路分析实验,2025-12-18,实验操作,76.22811209079484,0.0,27.115034950195035
S20250015,电路分析实验,2025-11-28,实验操作,80.3595681290495,0.0,40.280681342105666
S20250015,电路分析实验,2025-09-16,作业提交,93.0674071636084,,
S20250015,电路分析实验,2025-11-21,课堂互动,20.0,,
S20250016,电路分析实验,2025-11-16,实验操作,75.96420028643195,1.0,34.22255222070694
S20250016,电路分析实验,2025-12-15,作业提交,71.23560041939436,,
S20250016,电路分析实验,2025-12-24,课堂互动,40.0,,
S20250016,电路分析实验,2025-12-21,作业提交,82.59750307498369,,
S20250016,电路分析实验,2025-11-20,测验,70.82029311826865,,
S20250016,电路分析实验,2025-12-17,课堂互动,80.0,,
S20250016,电路分析实验,2025-10-19,实验操作,65.22599478591275,0.0,58.63435490951704
S20250016,电路分析实验,2025-09-07,课堂互动,100.0,,
S20250016,电路分析实验,2025-10-12,实验操作,87.43148966407313,1.0,55.48019743994952
S20250016,电路分析实验,2025-10-07,作业提交,72.45716303029153,,
S20250016,电路分析实验,2025-10-30,课堂互动,0.0,,
S20250016,电路分析实验,2025-10-22,实验操作,68.33251883671225,0.0,28.30867640909468
S20250016,电路分析实验,2025-11-09,作业提交,86.05984734776548,,
S20250017,电路分析实验,2025-09-24,课堂互动,80.0,,
S20250017,电路分析实验,2025-09-23,作业提交,90.38906233004145,,
S20250017,电路分析实验,2025-12-23,课堂互动,20.0,,
S20250017,电路分析实验,2025-12-14,课堂互动,80.0,,
S20250017,电路分析实验,2025-12-13,测验,48.39466467299603,,
S20250017,电路分析实验,2025-10-14,课堂互动,0.0,,
S20250017,电路分析实验,2025-10-25,实验操作,69.98248146238578,0.0,48.177670324371185
S20250017,电路分析实验,2025-10-03,测验,40.979908470858575,,
S20250017,电路分析实验,2025-12-23,课堂互动,0.0,,
S20250017,电路分析实验,2025-11-19,实验操作,89.18072535131351,0.0,57.66406855372875
S20250017,电路分析实验,2025-12-01,课堂互动,20.0,,
S20250017,电路分析实验,2025-12-20,课堂互动,20.0,,
S20250018,电路分析实验,2025-11-03,测验,100.0,,
S20250018,电路分析实验,2025-12-16,实验操作,90.4869789082672,0.0,37.692585967703465
S20250018,电路分析实验,2025-11-03,实验操作,55.80120400105305,1.0,42.62608038793331
S20250018,电路分析实验,2025-12-12,实验操作,100.0,0.0,12.587326599309272
S20250018,电路分析实验,2025-09-15,作业提交,67.70734830398852,,
S20250018,电路分析实验,2025-10-18,实验操作,71.2114777291026,0.0,32.52216818035151
S20250018,电路分析实验,2025-11-02,课堂互动,80.0,,
S20250018,电路分析实验,2025-10-09,作业提交,98.51681182230901,,
S20250018,电路分析实验,2025-12-15,测验,93.81874852872227,,
S20250018,电路分析实验,2025-09-17,作业提交,78.4590542415235,,
S20250018,电路分析实验,2025-11-01,实验操作,68.0150284311818,1.0,49.04975508770525
S20250018,电路分析实验,2025-10-10,课堂互动,40.0,,
S20250018,电路分析实验,2025-10-09,实验操作,88.64607262439725,0.0,46.9905969557347
S20250018,电路分析实验,2025-09-20,课堂互动,20.0,,
S20250018,电路分析实验,2025-11-01,作业提交,72.79739747409447,,
S20250019,电路分析实验,2025-11-01,课堂互动,80.0,,
S20250019,电路分析实验,2025-12-30,测验,71.25643752982035,,
S20250019,电路分析实验,2025-10-04,作业提交,75.37623683765888,,
S20250019,电路分析实验,2025-10-27,作业提交,81.36220814301498,,
S20250019,电路分析实验,2025-09-20,作业提交,87.94556809425256,,
S20250019,电路分析实验,2025-09-16,作业提交,99.03220179374422,,
S20250019,电路分析实验,2025-10-28,测验,47.71932102111671,,
S20250019,电路分析实验,2025-12-15,实验操作,100.0,1.0,25.479122004774982
S20250019,电路分析实验,2025-12-15,作业提交,83.37190241282039,,
S20250020,电路分析实验,2025-12-27,测验,58.79140864322931,,
S20250020,电路分析实验,2025-09-22,作业提交,77.5025329957127,,
S20250020,电路分析实验,2025-10-07,课堂互动,20.0,,
S20250020,电路分析实验,2025-12-02,实验操作,67.6049859801175,1.0,39.106352430557884
S20250020,电路分析实验,2025-09-05,测验,85.29283774637844,,
S20250020,电路分析实验,2025-12-05,实验操作,80.35523228947571,1.0,38.070904047393455
S20250020,电路分析实验,2025-11-27,测验,84.63151813910127,,
S20250020,电路分析实验,2025-10-04,作业提交,87.55554610308334,,
S20250020,电路分析实验,2025-09-16,作业提交,70.05205986893513,,
S20250020,电路分析实验,2025-09-12,测验,59.916741276454545,,
S20250020,电路分析实验,2025-09-19,课堂互动,40.0,,
S20250020,电路分析实验,2025-10-17,作业提交,88.96752326147914,,
S20250020,电路分析实验,2025-11-20,作业提交,87.32444318520157,,
S20250021,电路分析实验,2025-09-30,作业提交,79.74918087243022,,
S20250021,电路分析实验,2025-09-07,测验,72.11189289955807,,
S20250021,电路分析实验,2025-09-06,课堂互动,40.0,,
S20250021,电路分析实验,2025-10-28,实验操作,94.16497343682637,0.0,39.0842861116417
S20250021,电路分析实验,2025-09-25,课堂互动,40.0,,
S20250021,电路分析实验,2025-10-20,测验,97.95147596510786,,
S20250021,电路分析实验,2025-10-28,课堂互动,0.0,,
S20250021,电路分析实验,2025-11-18,实验操作,68.40723186788584,1.0,45.12146509073225
S20250022,电路分析实验,2025-12-15,作业提交,91.17120900768894,,
S20250022,电路分析实验,2025-12-30,课堂互动,0.0,,
S20250022,电路分析实验,2025-10-19,实验操作,67.15217859619335,1.0,54.491429877809985
S20250022,电路分析实验,2025-11-04,测验,65.12127167880624,,
S20250022,电路分析实验,2025-11-06,课堂互动,100.0,,
S20250022,电路分析实验,2025-09-27,课堂互动,60.0,,
S20250022,电路分析实验,2025-12-13,实验操作,65.80357975637433,2.0,36.81779316766527
S20250022,电路分析实验,2025-10-12,测验,100.0,,
S20250022,电路分析实验,2025-10-21,作业提交,67.92779142200358,,
S20250022,电路分析实验,2025-10-14,课堂互动,0.0,,
S20250022,电路分析实验,2025-10-19,测验,48.14460496982082,,
S20250022,电路分析实验,2025-09-30,实验操作,92.37166310250102,2.0,52.91662693962936
S20250023,电路分析实验,2025-09-01,课堂互动,60.0,,
S20250023,电路分析实验,2025-09-21,实验操作,64.51280132862124,0.0,44.91182953754193
S20250023,电路分析实验,2025-09-02,课堂互动,80.0,,
S20250023,电路分析实验,2025-09-04,课堂互动,100.0,,
S20250023,电路分析实验,2025-10-14,实验操作,89.62679600126627,0.0,43.52942618497861
S20250023,电路分析实验,2025-09-27,课堂互动,80.0,,
S20250023,电路分析实验,2025-10-23,课堂互动,100.0,,
S20250023,电路分析实验,2025-12-10,测验,81.04914414655764,,
S20250023,电路分析实验,2025-12-27,课堂互动,60.0,,
S20250023,电路分析实验,2025-12-11,课堂互动,80.0,,
S20250023,电路分析实验,2025-11-04,作业提交,96.29456945719986,,
S20250024,电路分析实验,2025-12-09,测验,62.20053867575392,,
S20250024,电路分析实验,2025-10-06,测验,73.66880909549441,,
S20250024,电路分析实验,2025-11-19,作业提交,86.70931043137433,,
S20250024,电路分析实验,2025-11-22,课堂互动,60.0,,
S20250024,电路分析实验,2025-10-17,实验操作,88.08812387145719,0.0,30.519156585026757
S20250024,电路分析实验,2025-12-01,课堂互动,40.0,,
S20250024,电路分析实验,2025-11-21,作业提交,63.11043470748134,,
S20250024,电路分析实验,2025-09-10,测验,57.068004017456154,,
S20250024,电路分析实验,2025-09-10,课堂互动,60.0,,
S20250024,电路分析实验,2025-09-14,测验,66.15795126918675,,
S20250024,电路分析实验,2025-11-23,测验,75.59633618076408,,
S20250025,电路分析实验,2025-12-06,测验,96.55641190509193,,
S20250025,电路分析实验,2025-09-01,作业提交,90.29191547842423,,
S20250025,电路分析实验,2025-11-04,实验操作,72.60092205054859,0.0,41.97675757923692
S20250025,电路分析实验,2025-09-01,课堂互动,80.0,,
S20250025,电路分析实验,2025-12-21,课堂互动,0.0,,
S20250025,电路分析实验,2025-09-29,作业提交,79.94524605211645,,
S20250025,电路分析实验,2025-12-23,课堂互动,20.0,,
S20250025,电路分析实验,2025-09-13,作业提交,71.81188878655816,,
S20250025,电路分析实验,2025-11-25,作业提交,79.42165417357025,,
S20250025,电路分析实验,2025-10-11,实验操作,94.06707338971373,0.0,52.708631014640396
S20250025,电路分析实验,2025-11-20,实验操作,73.36859777314713,0.0,49.01711722098941
S20250026,电路分析实验,2025-09-09,测验,63.82237774063898,,
S20250026,电路分析实验,2025-11-26,实验操作,81.86514681643258,1.0,45.69652664518879
S20250026,电路分析实验,2025-12-24,测验,87.70307751445237,,
S20250026,电路分析实验,2025-09-18,测验,78.52529297909616,,
S20250026,电路分析实验,2025-09-01,作业提交,80.65220693526285,,
S20250026,电路分析实验,2025-09-10,测验,100.0,,
S20250026,电路分析实验,2025-12-06,测验,77.31208033089871,,
S20250026,电路分析实验,2025-12-08,测验,62.2250403710493,,
S20250026,电路分析实验,2025-09-01,作业提交,100.0,,
S20250026,电路分析实验,2025-09-10,作业提交,94.40493858096079,,
S20250026,电路分析实验,2025-09-12,实验操作,100.0,1.0,43.8906806437049
S20250027,电路分析实验,2025-09-09,测验,87.57356427665985,,
S20250027,电路分析实验,2025-11-06,作业提交,62.56580649113167,,
S20250027,电路分析实验,2025-10-06,作业提交,89.40807693097003,,
S20250027,电路分析实验,2025-09-15,测验,67.16096875142614,,
S20250027,电路分析实验,2025-09-17,实验操作,54.67413066723101,2.0,48.41755975777159
S20250027,电路分析实验,2025-09-11,作业提交,100.0,,
S20250027,电路分析实验,2025-11-05,实验操作,89.25635757279075,1.0,39.23096344337597
S20250027,电路分析实验,2025-12-09,测验,46.23580227362844,,
S20250027,电路分析实验,2025-10-27,作业提交,100.0,,
S20250028,电路分析实验,2025-11-20,课堂互动,60.0,,
S20250028,电路分析实验,2025-12-12,测验,91.22992217298317,,
S20250028,电路分析实验,2025-12-17,测验,61.55483826211531,,
S20250028,电路分析实验,2025-09-27,作业提交,59.44238565090947,,
S20250028,电路分析实验,2025-09-18,测验,94.36970273497744,,
S20250028,电路分析实验,2025-11-07,测验,67.93828278545288,,
S20250028,电路分析实验,2025-12-06,课堂互动,20.0,,
S20250028,电路分析实验,2025-10-09,课堂互动,80.0,,
S20250028,电路分析实验,2025-10-16,测验,92.28069361552231,,
S20250028,电路分析实验,2025-11-15,作业提交,60.86686809446759,,
S20250028,电路分析实验,2025-09-21,课堂互动,60.0,,
S20250028,电路分析实验,2025-10-01,实验操作,66.0093746556934,0.0,47.59389308999694
S20250028,电路分析实验,2025-11-25,课堂互动,20.0,,
S20250028,电路分析实验,2025-11-21,课堂互动,40.0,,
S20250028,电路分析实验,2025-10-14,课堂互动,80.0,,
S20250029,电路分析实验,2025-12-10,作业提交,83.62817948397971,,
S20250029,电路分析实验,2025-09-26,作业提交,98.19479987520675,,
S20250029,电路分析实验,2025-10-23,作业提交,83.74950177317537,,
S20250029,电路分析实验,2025-12-12,测验,64.36557325210407,,
S20250029,电路分析实验,2025-09-01,作业提交,60.810518329550206,,
S20250029,电路分析实验,2025-10-06,作业提交,63.57691861349771,,
S20250029,电路分析实验,2025-09-03,实验操作,83.03237714962808,1.0,36.72106921084287
S20250029,电路分析实验,2025-11-11,测验,64.53044016224331,,
S20250029,电路分析实验,2025-09-13,测验,74.36200634949603,,
S20250030,电路分析实验,2025-11-13,测验,100.0,,
S20250030,电路分析实验,2025-12-17,测验,72.06750642785012,,
S20250030,电路分析实验,2025-12-17,实验操作,98.26894282099457,1.0,55.26579846552078
S20250030,电路分析实验,2025-11-13,作业提交,81.99305759009782,,
S20250030,电路分析实验,2025-10-27,测验,51.633101549281214,,
S20250030,电路分析实验,2025-09-11,测验,65.15630011727889,,
S20250030,电路分析实验,2025-09-23,实验操作,97.33567760826719,0.0,53.778251684801134
S20250030,电路分析实验,2025-10-28,测验,89.05164076329258,,
S20250030,电路分析实验,2025-12-26,测验,38.34268924438395,,
S20250030,电路分析实验,2025-09-02,实验操作,57.25112231001337,3.0,24.607678222398995
S20250030,电路分析实验,2025-09-09,课堂互动,40.0,,
S20250030,电路分析实验,2025-09-17,测验,99.31507982028324,,
S20250030,电路分析实验,2025-09-09,测验,45.15817375213196,,
S20250001,信号处理实验,2025-09-08,测验,39.33911609160722,,
S20250001,信号处理实验,2025-10-25,作业提交,79.33342761324057,,
S20250001,信号处理实验,2025-09-27,课堂互动,60.0,,
S20250001,信号处理实验,2025-11-15,测验,76.91317808090753,,
S20250001,信号处理实验,2025-12-19,实验操作,74.5095787785886,0.0,56.22677684798021
S20250001,信号处理实验,2025-10-07,测验,44.05847631107203,,
S20250001,信号处理实验,2025-09-13,课堂互动,100.0,,
S20250001,信号处理实验,2025-09-14,测验,67.78759648207381,,
S20250001,信号处理实验,2025-12-02,作业提交,79.09635614293852,,
S20250001,信号处理实验,2025-12-12,测验,50.17746571275198,,
S20250001,信号处理实验,2025-12-22,作业提交,85.85207929907952,,
S20250002,信号处理实验,2025-12-06,测验,83.45262456901243,,
S20250002,信号处理实验,2025-10-14,实验操作,70.63961537953435,0.0,35.14273953664456
S20250002,信号处理实验,2025-10-16,实验操作,82.56069773276766,0.0,36.84500926711512
S20250002,信号处理实验,2025-10-20,测验,59.937541121790574,,
S20250002,信号处理实验,2025-10-01,作业提交,62.79093356920971,,
S20250002,信号处理实验,2025-10-07,测验,66.55240916956073,,
S20250002,信号处理实验,2025-10-05,作业提交,80.68968803629156,,
S20250002,信号处理实验,2025-11-21,实验操作,40.757962649388034,1.0,50.145889906905396
S20250003,信号处理实验,2025-11-21,测验,91.68343130636485,,
S20250003,信号处理实验,2025-09-22,课堂互动,20.0,,
S20250003,信号处理实验,2025-09-22,测验,85.32437676280918,,
S20250003,信号处理实验,2025-10-04,课堂互动,40.0,,
S20250003,信号处理实验,2025-12-14,测验,58.833452994360066,,
S20250003,信号处理实验,2025-11-26,课堂互动,60.0,,
S20250003,信号处理实验,2025-10-14,课堂互动,0.0,,
S20250003,信号处理实验,2025-12-03,测验,56.74458089936237,,
S20250003,信号处理实验,2025-12-08,实验操作,83.6925660232478,0.0,42.24948302848356
S20250003,信号处理实验,2025-11-11,实验操作,40.471182528966224,2.0,53.51402092378829
S20250003,信号处理实验,2025-12-15,课堂互动,20.0,,
S20250003,信号处理实验,2025-09-13,实验操作,60.18096231305188,1.0,35.27731452275928
S20250004,信号处理实验,2025-11-13,实验操作,76.19223677726308,0.0,28.935536797424277
S20250004,信号处理实验,2025-10-28,作业提交,82.44156363040668,,
S20250004,信号处理实验,2025-12-18,作业提交,70.92379105658836,,
S20250004,信号处理实验,2025-11-09,实验操作,53.666194356034886,0.0,34.387373670534096
S20250004,信号处理实验,2025-11-06,作业提交,72.14751984664382,,
S20250004,信号处理实验,2025-11-04,作业提交,70.72130035456613,,
S20250004,信号处理实验,2025-11-29,作业提交,75.79052905792557,,
S20250004,信号处理实验,2025-11-06,测验,73.92800918555973,,
S20250005,信号处理实验,2025-10-07,作业提交,90.92676946845296,,
S20250005,信号处理实验,2025-10-02,测验,88.99595793783547,,
S20250005,信号处理实验,2025-11-17,课堂互动,40.0,,
S20250005,信号处理实验,2025-10-09,作业提交,87.84361113602388,,
S20250005,信号处理实验,2025-09-12,实验操作,61.89038820772355,0.0,44.967040796726465
S20250005,信号处理实验,2025-12-13,作业提交,98.27748892723588,,
S20250005,信号处理实验,2025-12-28,课堂互动,0.0,,
S20250005,信号处理实验,2025-10-04,实验操作,83.08365065526988,0.0,41.11930810202586
S20250005,信号处理实验,2025-09-26,课堂互动,80.0,,
S20250006,信号处理实验,2025-09-01,测验,57.968764570541175,,
S20250006,信号处理实验,2025-10-16,作业提交,96.74878323114277,,
S20250006,信号处理实验,2025-10-25,实验操作,55.355260649821524,3.0,41.38577160573023
S20250006,信号处理实验,2025-09-24,作业提交,77.1380795913913,,
S20250006,信号处理实验,2025-09-02,实验操作,68.12835145752935,0.0,38.740070697456
S20250006,信号处理实验,2025-12-27,课堂互动,100.0,,
S20250006,信号处理实验,2025-12-08,实验操作,66.11409113641696,0.0,36.36009230320184
S20250006,信号处理实验,2025-09-04,实验操作,37.45860717506677,1.0,51.84642201555168
S20250006,信号处理实验,2025-11-07,课堂互动,80.0,,
S20250006,信号处理实验,2025-11-02,测验,77.02455884169656,,
S20250006,信号处理实验,2025-10-14,课堂互动,0.0,,
S20250006,信号处理实验,2025-12-20,课堂互动,0.0,,
S20250006,信号处理实验,2025-10-21,测验,68.47164101507502,,
S20250006,信号处理实验,2025-09-16,测验,74.27183892567538,,
S20250007,信号处理实验,2025-11-07,测验,74.9243932564953,,
S20250007,信号处理实验,2025-11-26,课堂互动,100.0,,
S20250007,信号处理实验,2025-09-24,测验,56.96796766112262,,
S20250007,信号处理实验,2025-12-28,作业提交,73.60903637335514,,
S20250007,信号处理实验,2025-10-20,测验,79.50969897334677,,
S20250007,信号处理实验,2025-12-08,作业提交,82.49004182190963,,
S20250007,信号处理实验,2025-11-28,课堂互动,80.0,,
S20250007,信号处理实验,2025-12-25,测验,100.0,,
S20250007,信号处理实验,2025-10-03,测验,99.1530187978716,,
S20250008,信号处理实验,2025-09-11,课堂互动,40.0,,
S20250008,信号处理实验,2025-11-03,作业提交,91.1961456846602,,
S20250008,信号处理实验,2025-12-07,实验操作,63.57397626408271,0.0,37.367408434574834
S20250008,信号处理实验,2025-11-15,课堂互动,60.0,,
S20250008,信号处理实验,2025-11-03,作业提交,58.34141479202577,,
S20250008,信号处理实验,2025-12-02,测验,40.70423611810307,,
S20250008,信号处理实验,2025-10-14,测验,70.86552903990487,,
S20250008,信号处理实验,2025-11-08,课堂互动,0.0,,
S20250008,信号处理实验,2025-09-07,测验,74.67500503098667,,
S20250008,信号处理实验,2025-09-26,课堂互动,20.0,,
S20250008,信号处理实验,2025-10-20,测验,53.722300748120645,,
S20250008,信号处理实验,2025-11-24,作业提交,87.66310950532849,,
S20250008,信号处理实验,2025-11-20,课堂互动,40.0,,
S20250008,信号处理实验,2025-11-14,课堂互动,40.0,,
S20250009,信号处理实验,2025-10-06,实验操作,50.0771990659656,1.0,38.48163892197841
S20250009,信号处理实验,2025-12-03,作业提交,80.56878405579697,,
S20250009,信号处理实验,2025-11-21,实验操作,62.09379952074072,0.0,41.154444557701744
S20250009,信号处理实验,2025-10-05,作业提交,72.77637585324338,,
S20250009,信号处理实验,2025-11-14,测验,83.68451970343648,,
S20250009,信号处理实验,2025-09-06,测验,89.91392388691197,,
S20250009,信号处理实验,2025-10-19,作业提交,89.25965779161604,,
S20250009,信号处理实验,2025-09-22,测验,56.97989651587779,,
S20250009,信号处理实验,2025-09-29,测验,100.0,,
S20250009,信号处理实验,2025-10-09,测验,38.13562260984594,,
S20250009,信号处理实验,2025-09-15,实验操作,59.51056396448558,3.0,46.69729284390374
S20250009,信号处理实验,2025-10-06,实验操作,76.34090878718474,0.0,45.865897874729
S20250010,信号处理实验,2025-10-26,作业提交,78.13187317529504,,
S20250010,信号处理实验,2025-10-26,测验,91.02007710987652,,
S20250010,信号处理实验,2025-10-10,作业提交,83.05305011961455,,
S20250010,信号处理实验,2025-11-27,课堂互动,100.0,,
S20250010,信号处理实验,2025-09-09,课堂互动,60.0,,
S20250010,信号处理实验,2025-12-14,课堂互动,60.0,,
S20250010,信号处理实验,2025-12-01,课堂互动,40.0,,
S20250010,信号处理实验,2025-12-28,测验,76.07684791735363,,
S20250010,信号处理实验,2025-10-13,课堂互动,40.0,,
S20250010,信号处理实验,2025-11-24,课堂互动,20.0,,
S20250010,信号处理实验,2025-09-03,实验操作,68.821845508163,0.0,41.81521489349661
S20250010,信号处理实验,2025-10-17,作业提交,76.17131574720388,,
S20250011,信号处理实验,2025-09-28,实验操作,83.15224729445666,0.0,55.349209270805986
S20250011,信号处理实验,2025-12-19,作业提交,90.4534964411803,,
S20250011,信号处理实验,2025-10-18,作业提交,76.0877176139859,,
S20250011,信号处理实验,2025-09-16,作业提交,94.41456706596733,,
S20250011,信号处理实验,2025-11-27,测验,62.654643285612075,,
S20250011,信号处理实验,2025-10-18,课堂互动,100.0,,
S20250011,信号处理实验,2025-12-15,课堂互动,0.0,,
S20250011,信号处理实验,2025-11-09,作业提交,55.542505577865754,,
S20250011,信号处理实验,2025-09-04,课堂互动,20.0,,
S20250011,信号处理实验,2025-12-09,课堂互动,20.0,,
S20250011,信号处理实验,2025-10-01,课堂互动,0.0,,
S20250011,信号处理实验,2025-11-07,作业提交,67.90296426899116,,
S20250011,信号处理实验,2025-12-11,课堂互动,0.0,,
S20250012,信号处理实验,2025-11-04,课堂互动,100.0,,
S20250012,信号处理实验,2025-11-20,作业提交,57.55049694768973,,
S20250012,信号处理实验,2025-09-01,测验,63.672757287256445,,
S20250012,信号处理实验,2025-11-08,实验操作,75.27627568784328,0.0,61.76437312275283
S20250012,信号处理实验,2025-11-26,实验操作,71.41232000954747,0.0,53.231049757450066
S20250012,信号处理实验,2025-09-03,课堂互动,60.0,,
S20250012,信号处理实验,2025-12-25,测验,74.24106204595418,,
S20250012,信号处理实验,2025-12-03,测验,83.8755734899654,,
S20250013,信号处理实验,2025-10-10,作业提交,62.2569650506419,,
S20250013,信号处理实验,2025-10-19,实验操作,92.15631064810394,0.0,50.09378116336106
S20250013,信号处理实验,2025-09-02,课堂互动,60.0,,
S20250013,信号处理实验,2025-11-30,实验操作,93.70990582847587,0.0,46.81866255058495
S20250013,信号处理实验,2025-10-03,实验操作,78.72330879450504,0.0,34.0860956270653
S20250013,信号处理实验,2025-10-08,测验,55.29397409330391,,
S20250013,信号处理实验,2025-09-03,测验,97.17588362427323,,
S20250013,信号处理实验,2025-11-04,实验操作,81.03051720070383,1.0,57.86974963849594
S20250013,信号处理实验,2025-09-28,实验操作,68.33043662631539,0.0,52.56988616645352
S20250013,信号处理实验,2025-11-01,作业提交,68.9340161098685,,
S20250013,信号处理实验,2025-12-25,作业提交,90.43527104126792,,
S20250013,信号处理实验,2025-10-19,课堂互动,0.0,,
S20250013,信号处理实验,2025-10-12,作业提交,96.26765430565942,,
S20250014,信号处理实验,2025-11-28,测验,77.44182825802662,,
S20250014,信号处理实验,2025-11-13,作业提交,100.0,,
S20250014,信号处理实验,2025-10-12,测验,56.07179441613569,,
S20250014,信号处理实验,2025-11-12,测验,47.596215340394494,,
S20250014,信号处理实验,2025-09-11,测验,37.98303551972298,,
S20250014,信号处理实验,2025-09-02,课堂互动,80.0,,
S20250014,信号处理实验,2025-11-02,测验,96.92879760680529,,
S20250014,信号处理实验,2025-10-04,课堂互动,80.0,,
S20250014,信号处理实验,2025-11-29,实验操作,84.81548484531086,0.0,44.44415329089545
S20250015,信号处理实验,2025-11-19,作业提交,82.16637010166518,,
S20250015,信号处理实验,2025-12-08,作业提交,100.0,,
S20250015,信号处理实验,2025-12-13,课堂互动,100.0,,
S20250015,信号处理实验,2025-09-24,实验操作,71.95730670494771,2.0,45.46915434950259
S20250015,信号处理实验,2025-09-16,作业提交,85.77211078084056,,
S20250015,信号处理实验,2025-10-03,作业提交,82.68660829134957,,
S20250015,信号处理实验,2025-12-23,作业提交,70.51430653465626,,
S20250015,信号处理实验,2025-10-03,实验操作,82.07202535703993,0.0,31.585548422003026
S20250015,信号处理实验,2025-09-16,作业提交,100.0,,
S20250016,信号处理实验,2025-09-20,测验,73.30990033429283,,
S20250016,信号处理实验,2025-10-02,测验,71.80171796643457,,
S20250016,信号处理实验,2025-12-18,测验,68.37590204698823,,
S20250016,信号处理实验,2025-09-28,课堂互动,0.0,,
S20250016,信号处理实验,2025-11-20,作业提交,89.37287921139743,,
S20250016,信号处理实验,2025-10-27,课堂互动,100.0,,
S20250016,信号处理实验,2025-11-09,课堂互动,100.0,,
S20250016,信号处理实验,2025-11-18,测验,100.0,,
S20250017,信号处理实验,2025-11-08,作业提交,86.28743200529352,,
S20250017,信号处理实验,2025-09-18,课堂互动,100.0,,
S20250017,信号处理实验,2025-10-10,作业提交,72.94295808422537,,
S20250017,信号处理实验,2025-12-26,测验,67.5987845579522,,
S20250017,信号处理实验,2025-10-30,实验操作,91.06494700807883,0.0,39.171993985870024
S20250017,信号处理实验,2025-11-18,作业提交,67.85474749687799,,
S20250017,信号处理实验,2025-12-15,作业提交,60.141719937610766,,
S20250017,信号处理实验,2025-09-19,课堂互动,20.0,,
S20250017,信号处理实验,2025-10-07,实验操作,87.34755875942872,0.0,45.73317967188404
S20250018,信号处理实验,2025-11-23,作业提交,95.24150655890858,,
S20250018,信号处理实验,2025-10-07,课堂互动,80.0,,
S20250018,信号处理实验,2025-11-11,课堂互动,60.0,,
S20250018,信号处理实验,2025-12-21,实验操作,62.72288674436413,0.0,42.40408648636395
S20250018,信号处理实验,2025-09-07,测验,42.94342684387409,,
S20250018,信号处理实验,2025-10-25,课堂互动,100.0,,
S20250018,信号处理实验,2025-09-02,测验,65.576624846453,,
S20250018,信号处理实验,2025-10-20,课堂互动,80.0,,
S20250019,信号处理实验,2025-11-26,测验,65.09097574454194,,
S20250019,信号处理实验,2025-09-03,实验操作,34.546700355876425,3.0,44.45705133482188
S20250019,信号处理实验,2025-10-22,实验操作,70.96666964167754,0.0,33.934740912583294
S20250019,信号处理实验,2025-10-14,测验,70.01258411602915,,
S20250019,信号处理实验,2025-11-26,课堂互动,80.0,,
S20250019,信号处理实验,2025-11-06,课堂互动,0.0,,
S20250019,信号处理实验,2025-09-11,实验操作,77.37383971430052,0.0,45.13929291912946
S20250019,信号处理实验,2025-09-13,作业提交,79.71049895467996,,
S20250019,信号处理实验,2025-12-08,实验操作,77.97127141151782,0.0,43.556395880760576
S20250019,信号处理实验,2025-12-11,课堂互动,80.0,,
S20250019,信号处理实验,2025-11-12,实验操作,100.0,0.0,33.928955453999784
S20250019,信号处理实验,2025-12-04,作业提交,76.94027339094974,,
S20250019,信号处理实验,2025-09-02,测验,97.0718737944884,,
S20250019,信号处理实验,2025-10-10,测验,22.282543448925786,,
S20250019,信号处理实验,2025-12-24,课堂互动,20.0,,
S20250020,信号处理实验,2025-12-20,测验,89.64712333460432,,
S20250020,信号处理实验,2025-10-17,实验操作,93.69127788746444,0.0,24.266097675918505
S20250020,信号处理实验,2025-12-05,测验,75.21716075503242,,
S20250020,信号处理实验,2025-10-16,课堂互动,60.0,,
S20250020,信号处理实验,2025-10-15,课堂互动,40.0,,
S20250020,信号处理实验,2025-11-23,实验操作,71.17768097441453,1.0,53.33223877620742
S20250020,信号处理实验,2025-09-10,作业提交,64.08153180668289,,
S20250020,信号处理实验,2025-10-04,课堂互动,60.0,,
S20250020,信号处理实验,2025-09-21,测验,63.48596251780593,,
S20250020,信号处理实验,2025-10-27,课堂互动,100.0,,
S20250020,信号处理实验,2025-11-15,测验,68.74738318756582,,
S20250020,信号处理实验,2025-10-25,实验操作,82.2797399484068,1.0,37.27332857726529
S20250020,信号处理实验,2025-10-16,测验,57.319538137728465,,
S20250020,信号处理实验,2025-09-11,实验操作,64.0752727507817,1.0,45.98745777637335
S20250021,信号处理实验,2025-11-15,课堂互动,40.0,,
S20250021,信号处理实验,2025-11-02,实验操作,73.04482281019187,0.0,32.778721911080545
S20250021,信号处理实验,2025-11-15,测验,82.83397174310298,,
S20250021,信号处理实验,2025-09-30,实验操作,71.39511902762797,2.0,41.251791924504026
S20250021,信号处理实验,2025-11-19,测验,99.63515036823952,,
S20250021,信号处理实验,2025-11-30,测验,51.8723914424873,,
S20250021,信号处理实验,2025-11-28,实验操作,65.14150022823759,1.0,35.62644317776679
S20250021,信号处理实验,2025-11-06,作业提交,59.9626499351792,,
S20250021,信号处理实验,2025-12-14,课堂互动,80.0,,
S20250021,信号处理实验,2025-10-29,测验,100.0,,
S20250021,信号处理实验,2025-12-23,测验,47.652977842915796,,
S20250021,信号处理实验,2025-11-07,实验操作,62.755418864177315,0.0,29.433708264760963
S20250021,信号处理实验,2025-11-19,作业提交,87.27211941614767,,
S20250022,信号处理实验,2025-11-24,作业提交,64.6348477700446,,
S20250022,信号处理实验,2025-09-04,课堂互动,60.0,,
S20250022,信号处理实验,2025-09-13,测验,100.0,,
S20250022,信号处理实验,2025-11-13,实验操作,43.77105888174417,3.0,61.96456368290038
S20250022,信号处理实验,2025-11-06,实验操作,74.43547946362727,2.0,56.03301882016521
S20250022,信号处理实验,2025-11-11,作业提交,100.0,,
S20250022,信号处理实验,2025-10-11,作业提交,88.06708741296526,,
S20250022,信号处理实验,2025-12-25,课堂互动,80.0,,
S20250022,信号处理实验,2025-12-30,实验操作,65.65718245348074,2.0,40.81856965990728
S20250022,信号处理实验,2025-11-03,测验,60.28432575443149,,
S20250022,信号处理实验,2025-09-28,实验操作,63.32542911896531,0.0,28.704070140236727
S20250022,信号处理实验,2025-12-12,作业提交,86.62236386371401,,
S20250023,信号处理实验,2025-09-07,测验,100.0,,
S20250023,信号处理实验,2025-11-30,实验操作,85.76387369689574,1.0,61.20533445165877
S20250023,信号处理实验,2025-09-30,作业提交,98.84593562313367,,
S20250023,信号处理实验,2025-11-15,测验,51.93235795185933,,
S20250023,信号处理实验,2025-11-06,课堂互动,80.0,,
S20250023,信号处理实验,2025-09-01,课堂互动,60.0,,
S20250023,信号处理实验,2025-09-22,测验,79.18533501248181,,
S20250023,信号处理实验,2025-10-16,测验,67.15417317873643,,
S20250023,信号处理实验,2025-11-26,作业提交,89.67911897496424,,
S20250024,信号处理实验,2025-09-07,作业提交,84.60336744580125,,
S20250024,信号处理实验,2025-12-08,测验,27.345014629279945,,
S20250024,信号处理实验,2025-12-16,作业提交,75.82384296443793,,
S20250024,信号处理实验,2025-11-29,作业提交,82.3827003547555,,
S20250024,信号处理实验,2025-11-22,实验操作,53.484525492617315,1.0,50.810220098659855
S20250024,信号处理实验,2025-10-01,课堂互动,60.0,,
S20250024,信号处理实验,2025-11-26,课堂互动,80.0,,
S20250024,信号处理实验,2025-12-26,课堂互动,0.0,,
S20250024,信号处理实验,2025-10-19,课堂互动,100.0,,
S20250024,信号处理实验,2025-12-09,课堂互动,80.0,,
S20250024,信号处理实验,2025-11-18,测验,94.14361455460242,,
S20250024,信号处理实验,2025-10-14,作业提交,69.39466653362878,,
S20250024,信号处理实验,2025-12-12,测验,80.33140526563017,,
S20250024,信号处理实验,2025-11-27,测验,38.435673077643635,,
S20250024,信号处理实验,2025-12-09,课堂互动,40.0,,
S20250025,信号处理实验,2025-12-29,测验,100.0,,
S20250025,信号处理实验,2025-09-23,课堂互动,20.0,,
S20250025,信号处理实验,2025-12-10,作业提交,76.34535633815291,,
S20250025,信号处理实验,2025-11-19,测验,71.71577452505895,,
S20250025,信号处理实验,2025-11-25,作业提交,82.14844155858758,,
S20250025,信号处理实验,2025-12-13,测验,80.93620355796446,,
S20250025,信号处理实验,2025-11-21,实验操作,52.212300255207346,0.0,70.60084538268795
S20250025,信号处理实验,2025-09-14,课堂互动,100.0,,
S20250025,信号处理实验,2025-11-04,测验,68.2709218049563,,
S20250025,信号处理实验,2025-10-17,测验,90.68691987314216,,
S20250025,信号处理实验,2025-11-18,测验,57.34282434773402,,
S20250025,信号处理实验,2025-09-03,作业提交,79.58013811403646,,
S20250025,信号处理实验,2025-12-25,测验,100.0,,
S20250025,信号处理实验,2025-10-01,实验操作,65.5954941331835,0.0,63.12448557996929
S20250026,信号处理实验,2025-09-19,课堂互动,0.0,,
S20250026,信号处理实验,2025-10-19,测验,78.99527716201798,,
S20250026,信号处理实验,2025-12-06,实验操作,82.98892664055826,1.0,27.3713307112896
S20250026,信号处理实验,2025-10-29,测验,90.59443364709553,,
S20250026,信号处理实验,2025-09-21,实验操作,55.209781662938916,5.0,42.73754780991324
S20250026,信号处理实验,2025-12-03,作业提交,74.5550682975627,,
S20250026,信号处理实验,2025-10-14,测验,81.39294940828238,,
S20250026,信号处理实验,2025-10-08,作业提交,61.681377659627046,,
S20250026,信号处理实验,2025-09-16,实验操作,74.13142638993322,2.0,49.296182191325855
S20250026,信号处理实验,2025-11-03,测验,73.738378368936,,
S20250027,信号处理实验,2025-11-19,课堂互动,80.0,,
S20250027,信号处理实验,2025-10-06,测验,74.88841906951671,,
S20250027,信号处理实验,2025-11-15,实验操作,55.84877136269536,1.0,34.189434595917376
S20250027,信号处理实验,2025-12-13,课堂互动,100.0,,
S20250027,信号处理实验,2025-09-27,测验,88.95675135999227,,
S20250027,信号处理实验,2025-10-06,课堂互动,100.0,,
S20250027,信号处理实验,2025-10-21,测验,69.2880072305802,,
S20250027,信号处理实验,2025-10-08,实验操作,85.22251046058936,2.0,30.9484007763554
S20250027,信号处理实验,2025-09-25,实验操作,82.51550015276017,0.0,47.22133771633713
S20250027,信号处理实验,2025-12-19,作业提交,74.25501654003827,,
S20250027,信号处理实验,2025-12-11,课堂互动,20.0,,
S20250027,信号处理实验,2025-10-11,实验操作,93.83634188360281,0.0,36.05392697780496
S20250028,信号处理实验,2025-11-27,实验操作,81.18855594966183,1.0,25.703154036858425
S20250028,信号处理实验,2025-12-07,实验操作,88.01647536256333,1.0,47.830322053952166
S20250028,信号处理实验,2025-12-28,测验,82.84119262369802,,
S20250028,信号处理实验,2025-10-16,作业提交,80.56420655748494,,
S20250028,信号处理实验,2025-12-18,课堂互动,0.0,,
S20250028,信号处理实验,2025-10-25,实验操作,93.34756425887186,0.0,38.16568209869877
S20250028,信号处理实验,2025-11-17,课堂互动,0.0,,
S20250028,信号处理实验,2025-12-30,课堂互动,40.0,,
S20250028,信号处理实验,2025-12-29,课堂互动,60.0,,
S20250028,信号处理实验,2025-12-07,作业提交,100.0,,
S20250028,信号处理实验,2025-10-19,作业提交,75.64593727472409,,
S20250028,信号处理实验,2025-09-10,测验,61.98095461478611,,
S20250028,信号处理实验,2025-11-26,作业提交,97.44061372541242,,
S20250028,信号处理实验,2025-11-07,作业提交,98.95486574876855,,
S20250029,信号处理实验,2025-11-23,实验操作,67.15709959270097,0.0,41.996395119113714
S20250029,信号处理实验,2025-12-21,测验,55.513835500114155,,
S20250029,信号处理实验,2025-12-30,作业提交,67.92660928299804,,
S20250029,信号处理实验,2025-12-19,测验,51.08358475909263,,
S20250029,信号处理实验,2025-10-17,作业提交,56.79586038670928,,
S20250029,信号处理实验,2025-10-29,作业提交,65.51125002024351,,
S20250029,信号处理实验,2025-12-23,测验,50.729594565810984,,
S20250029,信号处理实验,2025-09-23,课堂互动,60.0,,
S20250029,信号处理实验,2025-11-14,课堂互动,100.0,,
S20250029,信号处理实验,2025-10-17,实验操作,85.23934854685719,2.0,54.843223984765835
S20250030,信号处理实验,2025-09-19,课堂互动,100.0,,
S20250030,信号处理实验,2025-10-12,作业提交,77.43213386929389,,
S20250030,信号处理实验,2025-11-04,实验操作,74.2580443552135,1.0,51.74819492166604
S20250030,信号处理实验,2025-12-17,测验,72.99613974783502,,
S20250030,信号处理实验,2025-10-16,课堂互动,80.0,,
S20250030,信号处理实验,2025-11-17,课堂互动,100.0,,
S20250030,信号处理实验,2025-12-20,测验,78.86412275214668,,
S20250030,信号处理实验,2025-12-12,课堂互动,60.0,,
S20250030,信号处理实验,2025-09-05,课堂互动,20.0,,
S20250030,信号处理实验,2025-10-26,测验,75.20503559034073,,
S20250030,信号处理实验,2025-10-04,测验,100.0,,
S20250030,信号处理实验,2025-10-01,实验操作,65.43390023623026,0.0,39.690030449981826
S20250030,信号处理实验,2025-12-25,作业提交,86.6645218016829,,
S20250030,信号处理实验,2025-10-16,测验,58.78833106438089,,
S20250030,信号处理实验,2025-09-13,课堂互动,80.0,,
S20250001,嵌入式系统实验,2025-12-11,课堂互动,0.0,,
S20250001,嵌入式系统实验,2025-10-24,测验,61.07255716612353,,
S20250001,嵌入式系统实验,2025-11-23,课堂互动,0.0,,
S20250001,嵌入式系统实验,2025-10-19,实验操作,72.47827656562059,4.0,59.20504247989855
S20250001,嵌入式系统实验,2025-11-29,测验,59.726566712509424,,
S20250001,嵌入式系统实验,2025-09-25,课堂互动,20.0,,
S20250001,嵌入式系统实验,2025-11-19,课堂互动,20.0,,
S20250001,嵌入式系统实验,2025-09-16,作业提交,70.01173312274926,,
S20250001,嵌入式系统实验,2025-10-27,课堂互动,100.0,,
S20250001,嵌入式系统实验,2025-12-04,作业提交,85.65698667663685,,
S20250001,嵌入式系统实验,2025-10-30,实验操作,66.71665433578544,0.0,51.32931817755511
S20250001,嵌入式系统实验,2025-10-24,实验操作,100.0,0.0,54.378383015666444
S20250002,嵌入式系统实验,2025-11-18,测验,58.96980357128105,,
S20250002,嵌入式系统实验,2025-12-12,实验操作,69.18447660096024,3.0,51.5854427267283
S20250002,嵌入式系统实验,2025-09-02,课堂互动,100.0,,
S20250002,嵌入式系统实验,2025-12-06,作业提交,100.0,,
S20250002,嵌入式系统实验,2025-10-01,实验操作,72.34579158758926,0.0,37.01702755461546
S20250002,嵌入式系统实验,2025-12-18,课堂互动,40.0,,
S20250002,嵌入式系统实验,2025-12-01,测验,85.91381505806523,,
S20250002,嵌入式系统实验,2025-09-08,作业提交,68.59179450313607,,
S20250002,嵌入式系统实验,2025-12-19,作业提交,69.90909442342574,,
S20250002,嵌入式系统实验,2025-11-08,作业提交,79.9006631053994,,
S20250002,嵌入式系统实验,2025-12-12,课堂互动,80.0,,
S20250002,嵌入式系统实验,2025-09-16,课堂互动,20.0,,
S20250003,嵌入式系统实验,2025-10-01,测验,82.50569855523771,,
S20250003,嵌入式系统实验,2025-10-09,课堂互动,100.0,,
S20250003,嵌入式系统实验,2025-10-14,课堂互动,0.0,,
S20250003,嵌入式系统实验,2025-12-19,测验,50.90511767498627,,
S20250003,嵌入式系统实验,2025-11-11,实验操作,22.78786756859874,3.0,36.29776757856489
S20250003,嵌入式系统实验,2025-10-06,作业提交,60.32724478803132,,
S20250003,嵌入式系统实验,2025-09-06,作业提交,85.55058263177048,,
S20250003,嵌入式系统实验,2025-10-30,测验,74.32040927833083,,
S20250003,嵌入式系统实验,2025-09-19,课堂互动,0.0,,
S20250003,嵌入式系统实验,2025-09-23,测验,75.49997776679065,,
S20250003,嵌入式系统实验,2025-11-21,实验操作,88.99494963975852,2.0,49.216849239122595
S20250003,嵌入式系统实验,2025-11-05,课堂互动,80.0,,
S20250004,嵌入式系统实验,2025-10-02,测验,89.20014441260477,,
S20250004,嵌入式系统实验,2025-09-22,课堂互动,100.0,,
S20250004,嵌入式系统实验,2025-11-22,课堂互动,80.0,,
S20250004,嵌入式系统实验,2025-10-21,测验,91.0473206280221,,
S20250004,嵌入式系统实验,2025-12-14,课堂互动,0.0,,
S20250004,嵌入式系统实验,2025-10-05,作业提交,96.58590789245032,,
S20250004,嵌入式系统实验,2025-10-01,测验,81.67677797661356,,
S20250004,嵌入式系统实验,2025-12-27,实验操作,72.49322879524719,0.0,46.46713686433323
S20250004,嵌入式系统实验,2025-09-25,课堂互动,80.0,,
S20250005,嵌入式系统实验,2025-12-08,实验操作,64.6568951837945,2.0,49.94955517561525
S20250005,嵌入式系统实验,2025-10-24,测验,73.43978322435827,,
S20250005,嵌入式系统实验,2025-12-16,课堂互动,100.0,,
S20250005,嵌入式系统实验,2025-10-31,测验,70.83585786681068,,
S20250005,嵌入式系统实验,2025-12-04,实验操作,54.60215788530121,3.0,52.46253566027221
S20250005,嵌入式系统实验,2025-09-12,作业提交,82.99260420452906,,
S20250005,嵌入式系统实验,2025-10-03,实验操作,98.66179919645211,1.0,51.078965097165394
S20250005,嵌入式系统实验,2025-11-30,实验操作,77.79913684734537,0.0,46.75545829890508
S20250005,嵌入式系统实验,2025-09-02,课堂互动,60.0,,
S20250005,嵌入式系统实验,2025-10-19,实验操作,81.1276852256614,0.0,55.73631749859772
S20250005,嵌入式系统实验,2025-10-26,实验操作,59.602270508834096,0.0,26.90041099019294
S20250006,嵌入式系统实验,2025-09-12,作业提交,91.58017953275876,,
S20250006,嵌入式系统实验,2025-09-06,测验,61.35762638147469,,
S20250006,嵌入式系统实验,2025-12-02,测验,72.30044855260209,,
S20250006,嵌入式系统实验,2025-11-01,课堂互动,100.0,,
S20250006,嵌入式系统实验,2025-09-08,测验,76.60784080218521,,
S20250006,嵌入式系统实验,2025-09-10,作业提交,73.69033535224452,,
S20250006,嵌入式系统实验,2025-11-14,测验,67.64130867401808,,
S20250006,嵌入式系统实验,2025-12-30,实验操作,44.47139639061744,3.0,32.701306217591856
S20250006,嵌入式系统实验,2025-12-08,测验,66.8006742132267,,
S20250006,嵌入式系统实验,2025-12-20,测验,81.6754540249773,,
S20250006,嵌入式系统实验,2025-11-15,课堂互动,0.0,,
S20250007,嵌入式系统实验,2025-11-17,作业提交,91.8477067910795,,
S20250007,嵌入式系统实验,2025-12-23,测验,90.19335740968327,,
S20250007,嵌入式系统实验,2025-09-21,测验,93.58978884445983,,
S20250007,嵌入式系统实验,2025-12-19,作业提交,77.33104665853321,,
S20250007,嵌入式系统实验,2025-12-08,课堂互动,0.0,,
S20250007,嵌入式系统实验,2025-12-12,课堂互动,80.0,,
S20250007,嵌入式系统实验,2025-12-25,课堂互动,0.0,,
S20250007,嵌入式系统实验,2025-09-10,测验,49.35474468279809,,
S20250007,嵌入式系统实验,2025-09-26,课堂互动,20.0,,
S20250007,嵌入式系统实验,2025-09-30,实验操作,73.28114549538047,1.0,51.33267502303576
S20250007,嵌入式系统实验,2025-10-03,测验,86.16199369768616,,
S20250007,嵌入式系统实验,2025-11-24,实验操作,71.90149247353007,0.0,32.48460575809556
S20250007,嵌入式系统实验,2025-09-04,作业提交,97.3251752488791,,
S20250008,嵌入式系统实验,2025-09-29,实验操作,73.76773232411146,1.0,56.172958315881274
S20250008,嵌入式系统实验,2025-09-09,课堂互动,20.0,,
S20250008,嵌入式系统实验,2025-09-20,作业提交,84.11270415653244,,
S20250008,嵌入式系统实验,2025-11-06,作业提交,85.4810386298454,,
S20250008,嵌入式系统实验,2025-12-05,实验操作,83.54650920348305,1.0,49.47708560017315
S20250008,嵌入式系统实验,2025-10-02,作业提交,82.35825403641765,,
S20250008,嵌入式系统实验,2025-09-18,作业提交,88.50804509106214,,
S20250008,嵌入式系统实验,2025-09-23,作业提交,78.92317166855328,,
S20250009,嵌入式系统实验,2025-10-08,作业提交,97.28140658539368,,
S20250009,嵌入式系统实验,2025-10-22,实验操作,64.85411546911095,0.0,63.00940432910816
S20250009,嵌入式系统实验,2025-09-18,课堂互动,20.0,,
S20250009,嵌入式系统实验,2025-10-28,作业提交,71.11001110438757,,
S20250009,嵌入式系统实验,2025-10-18,课堂互动,20.0,,
S20250009,嵌入式系统实验,2025-11-19,实验操作,74.78566452915047,0.0,53.406435489887244
S20250009,嵌入式系统实验,2025-10-02,实验操作,65.21064031046413,0.0,42.23101160203622
S20250009,嵌入式系统实验,2025-09-02,作业提交,79.69533144338615,,
S20250009,嵌入式系统实验,2025-11-13,实验操作,72.40447681954623,0.0,38.11840309899728
S20250009,嵌入式系统实验,2025-11-28,课堂互动,20.0,,
S20250009,嵌入式系统实验,2025-11-07,课堂互动,0.0,,
S20250009,嵌入式系统实验,2025-11-27,作业提交,60.99316611817132,,
S20250009,嵌入式系统实验,2025-11-12,课堂互动,0.0,,
S20250010,嵌入式系统实验,2025-10-25,测验,83.68746381059735,,
S20250010,嵌入式系统实验,2025-12-08,实验操作,86.78700237976248,1.0,49.254575617849646
S20250010,嵌入式系统实验,2025-09-11,实验操作,60.495357853061805,0.0,44.5228864385802
S20250010,嵌入式系统实验,2025-09-26,测验,100.0,,
S20250010,嵌入式系统实验,2025-12-22,测验,69.59314438999324,,
S20250010,嵌入式系统实验,2025-12-21,课堂互动,80.0,,
S20250010,嵌入式系统实验,2025-12-25,实验操作,82.87333167995925,0.0,62.81625090425367
S20250010,嵌入式系统实验,2025-12-15,测验,73.75089054305595,,
S20250010,嵌入式系统实验,2025-12-11,作业提交,55.49918157890851,,
S20250010,嵌入式系统实验,2025-09-23,实验操作,71.29233926219105,0.0,38.180157520022014
S20250011,嵌入式系统实验,2025-10-06,测验,66.77778459188526,,
S20250011,嵌入式系统实验,2025-12-05,实验操作,64.02184371554674,0.0,62.976865268495224
S20250011,嵌入式系统实验,2025-11-22,实验操作,84.61264291900514,1.0,58.99355436586002
S20250011,嵌入式系统实验,2025-10-28,测验,86.64340629242983,,
S20250011,嵌入式系统实验,2025-10-29,测验,71.07334665856314,,
S20250011,嵌入式系统实验,2025-10-02,测验,58.35513800129967,,
S20250011,嵌入式系统实验,2025-10-21,实验操作,85.47334970420386,1.0,48.934853854217494
S20250011,嵌入式系统实验,2025-10-24,测验,88.89194887574803,,
S20250011,嵌入式系统实验,2025-12-20,测验,60.36576619190978,,
S20250011,嵌入式系统实验,2025-12-05,实验操作,94.76091098451488,0.0,46.975996046923996
S20250011,嵌入式系统实验,2025-09-16,实验操作,81.02015440537184,1.0,66.82507024177087
S20250011,嵌入式系统实验,2025-09-06,课堂互动,80.0,,
S20250012,嵌入式系统实验,2025-11-15,实验操作,59.52635629694763,4.0,39.7070176245378
S20250012,嵌入式系统实验,2025-10-25,作业提交,80.4560417380184,,
S20250012,嵌入式系统实验,2025-12-15,课堂互动,80.0,,
S20250012,嵌入式系统实验,2025-09-10,课堂互动,60.0,,
S20250012,嵌入式系统实验,2025-11-09,课堂互动,60.0,,
S20250012,嵌入式系统实验,2025-10-08,测验,72.1605638809287,,
S20250012,嵌入式系统实验,2025-11-04,实验操作,84.20276959095625,0.0,34.77207434801595
S20250012,嵌入式系统实验,2025-10-01,实验操作,91.36569153247001,1.0,43.89266570919304
S20250012,嵌入式系统实验,2025-11-12,作业提交,57.62802166029086,,
S20250012,嵌入式系统实验,2025-11-30,测验,53.77118657135969,,
S20250013,嵌入式系统实验,2025-11-07,作业提交,61.25831766325434,,
S20250013,嵌入式系统实验,2025-10-16,测验,100.0,,
S20250013,嵌入式系统实验,2025-11-16,课堂互动,60.0,,
S20250013,嵌入式系统实验,2025-11-20,测验,68.10294534212812,,
S20250013,嵌入式系统实验,2025-10-01,测验,100.0,,
S20250013,嵌入式系统实验,2025-09-28,实验操作,50.505715791870244,2.0,39.27231575451474
S20250013,嵌入式系统实验,2025-09-30,课堂互动,60.0,,
S20250013,嵌入式系统实验,2025-11-11,课堂互动,100.0,,
S20250013,嵌入式系统实验,2025-12-17,课堂互动,40.0,,
S20250013,嵌入式系统实验,2025-10-18,作业提交,97.71848419671075,,
S20250013,嵌入式系统实验,2025-11-02,测验,94.84164437465412,,
S20250013,嵌入式系统实验,2025-11-16,实验操作,65.61655947735706,2.0,48.95803533437409
S20250013,嵌入式系统实验,2025-11-08,实验操作,79.85700191408918,0.0,42.0851002100651
S20250013,嵌入式系统实验,2025-11-15,实验操作,83.15400231891648,0.0,41.29385667913894
S20250013,嵌入式系统实验,2025-11-16,实验操作,41.48360336528696,1.0,47.35199828854701
S20250014,嵌入式系统实验,2025-11-23,实验操作,80.6142008336596,0.0,44.131552228698084
S20250014,嵌入式系统实验,2025-12-16,课堂互动,20.0,,
S20250014,嵌入式系统实验,2025-10-19,实验操作,55.57977786418641,1.0,56.608267873785195
S20250014,嵌入式系统实验,2025-12-29,课堂互动,100.0,,
S20250014,嵌入式系统实验,2025-10-31,实验操作,74.29619131681224,0.0,49.770408272231215
S20250014,嵌入式系统实验,2025-12-05,测验,32.28716459176026,,
S20250014,嵌入式系统实验,2025-12-07,课堂互动,100.0,,
S20250014,嵌入式系统实验,2025-12-21,测验,74.57513006043163,,
S20250014,嵌入式系统实验,2025-09-05,实验操作,71.11124336129662,0.0,57.33686921376036
S20250014,嵌入式系统实验,2025-10-14,课堂互动,80.0,,
S20250014,嵌入式系统实验,2025-10-09,课堂互动,40.0,,
S20250014,嵌入式系统实验,2025-09-01,实验操作,97.51139685951466,0.0,53.50221742113493
S20250014,嵌入式系统实验,2025-09-27,作业提交,90.16494811982041,,
S20250014,嵌入式系统实验,2025-12-27,作业提交,94.67001097864257,,
S20250015,嵌入式系统实验,2025-09-17,作业提交,94.57411142366418,,
S20250015,嵌入式系统实验,2025-11-18,实验操作,73.65716084628141,1.0,41.966915380640515
S20250015,嵌入式系统实验,2025-11-27,课堂互动,80.0,,
S20250015,嵌入式系统实验,2025-12-23,课堂互动,0.0,,
S20250015,嵌入式系统实验,2025-09-15,课堂互动,80.0,,
S20250015,嵌入式系统实验,2025-10-29,作业提交,84.55671424328149,,
S20250015,嵌入式系统实验,2025-09-05,测验,64.11614596576626,,
S20250015,嵌入式系统实验,2025-10-27,实验操作,66.73577828301859,0.0,52.2762954363698
S20250015,嵌入式系统实验,2025-11-28,课堂互动,0.0,,
S20250015,嵌入式系统实验,2025-12-03,作业提交,80.6233506296876,,
S20250015,嵌入式系统实验,2025-12-23,课堂互动,100.0,,
S20250015,嵌入式系统实验,2025-09-13,课堂互动,40.0,,
S20250015,嵌入式系统实验,2025-10-19,课堂互动,0.0,,
S20250015,嵌入式系统实验,2025-12-16,作业提交,88.79168092658695,,
S20250015,嵌入式系统实验,2025-12-26,作业提交,79.03140103869701,,
S20250016,嵌入式系统实验,2025-09-16,实验操作,76.17952785474137,0.0,25.017993154678923
S20250016,嵌入式系统实验,2025-12-23,作业提交,81.67211112345517,,
S20250016,嵌入式系统实验,2025-10-09,实验操作,81.78802337732002,1.0,23.99081138548082
S20250016,嵌入式系统实验,2025-10-20,实验操作,100.0,1.0,35.615320897941515
S20250016,嵌入式系统实验,2025-11-25,作业提交,87.73121791411162,,
S20250016,嵌入式系统实验,2025-12-12,测验,74.9782447467087,,
S20250016,嵌入式系统实验,2025-11-09,测验,58.28715632778839,,
S20250016,嵌入式系统实验,2025-12-04,测验,89.31557221738564,,
S20250016,嵌入式系统实验,2025-12-18,课堂互动,20.0,,
S20250016,嵌入式系统实验,2025-09-01,课堂互动,40.0,,
S20250016,嵌入式系统实验,2025-09-23,课堂互动,80.0,,
S20250016,嵌入式系统实验,2025-10-28,实验操作,72.54058680597119,0.0,53.70067730688754
S20250016,嵌入式系统实验,2025-11-04,实验操作,82.43522831958907,2.0,54.6296552911413
S20250016,嵌入式系统实验,2025-12-07,作业提交,83.69144906541263,,
S20250017,嵌入式系统实验,2025-12-03,实验操作,68.26618758585306,2.0,45.674985358750085
S20250017,嵌入式系统实验,2025-10-07,实验操作,84.58095333043777,0.0,33.569950872695166
S20250017,嵌入式系统实验,2025-09-30,课堂互动,60.0,,
S20250017,嵌入式系统实验,2025-11-18,测验,56.110690196496186,,
S20250017,嵌入式系统实验,2025-10-01,测验,75.33930975417115,,
S20250017,嵌入式系统实验,2025-10-02,测验,88.09256631900432,,
S20250017,嵌入式系统实验,2025-09-25,测验,65.45715921763991,,
S20250017,嵌入式系统实验,2025-12-11,课堂互动,20.0,,
S20250017,嵌入式系统实验,2025-12-02,实验操作,80.10900028649787,2.0,59.35181549190052
S20250017,嵌入式系统实验,2025-11-01,课堂互动,60.0,,
S20250018,嵌入式系统实验,2025-09-20,课堂互动,100.0,,
S20250018,嵌入式系统实验,2025-09-15,测验,91.41046880064353,,
S20250018,嵌入式系统实验,2025-10-20,课堂互动,0.0,,
S20250018,嵌入式系统实验,2025-12-29,作业提交,65.26870621835609,,
S20250018,嵌入式系统实验,2025-10-09,测验,80.75320125729745,,
S20250018,嵌入式系统实验,2025-11-23,实验操作,85.51759113466348,1.0,43.499444129674735
S20250018,嵌入式系统实验,2025-10-22,实验操作,76.88364680207313,0.0,32.21977416563624
S20250018,嵌入式系统实验,2025-10-14,作业提交,60.2751114129433,,
S20250018,嵌入式系统实验,2025-09-17,课堂互动,20.0,,
S20250019,嵌入式系统实验,2025-12-21,课堂互动,40.0,,
S20250019,嵌入式系统实验,2025-12-15,课堂互动,0.0,,
S20250019,嵌入式系统实验,2025-11-11,实验操作,61.72254751500228,0.0,60.52561815489642
S20250019,嵌入式系统实验,2025-12-30,测验,58.49868854158896,,
S20250019,嵌入式系统实验,2025-09-13,测验,46.18438371866503,,
S20250019,嵌入式系统实验,2025-09-29,作业提交,99.70418192163643,,
S20250019,嵌入式系统实验,2025-12-19,作业提交,92.11780507211161,,
S20250019,嵌入式系统实验,2025-10-18,测验,57.61329378680097,,
S20250019,嵌入式系统实验,2025-11-17,作业提交,100.0,,
S20250019,嵌入式系统实验,2025-12-01,课堂互动,0.0,,
S20250020,嵌入式系统实验,2025-09-01,实验操作,89.72648230487391,0.0,41.75168616491378
S20250020,嵌入式系统实验,2025-12-06,测验,61.82360304724128,,
S20250020,嵌入式系统实验,2025-11-03,实验操作,74.70096907131284,0.0,31.10427533236404
S20250020,嵌入式系统实验,2025-09-07,测验,40.38282255477595,,
S20250020,嵌入式系统实验,2025-09-27,实验操作,90.3385564801446,1.0,69.39752406339272
S20250020,嵌入式系统实验,2025-12-13,课堂互动,80.0,,
S20250020,嵌入式系统实验,2025-09-02,测验,80.70557814997515,,
S20250020,嵌入式系统实验,2025-10-30,测验,85.36148005804554,,
S20250020,嵌入式系统实验,2025-09-20,测验,83.66071461616177,,
S20250020,嵌入式系统实验,2025-09-08,课堂互动,0.0,,
S20250020,嵌入式系统实验,2025-11-04,测验,75.06144563144876,,
S20250020,嵌入式系统实验,2025-11-26,实验操作,76.56301655927814,0.0,44.374068721004775
S20250020,嵌入式系统实验,2025-11-15,课堂互动,20.0,,
S20250020,嵌入式系统实验,2025-10-30,测验,66.59985961987944,,
S20250021,嵌入式系统实验,2025-09-17,实验操作,83.29609914660719,0.0,28.070431858046145
S20250021,嵌入式系统实验,2025-12-27,测验,68.2298867176945,,
S20250021,嵌入式系统实验,2025-10-27,实验操作,60.17113339273624,1.0,33.964106827842286
S20250021,嵌入式系统实验,2025-11-08,作业提交,91.01979927202775,,
S20250021,嵌入式系统实验,2025-11-23,测验,41.73098913478282,,
S20250021,嵌入式系统实验,2025-12-08,测验,52.18669354173392,,
S20250021,嵌入式系统实验,2025-10-15,实验操作,89.11156781982324,0.0,43.657318966424896
S20250021,嵌入式系统实验,2025-09-18,测验,67.13397019425922,,
S20250021,嵌入式系统实验,2025-09-25,课堂互动,100.0,,
S20250021,嵌入式系统实验,2025-12-25,课堂互动,20.0,,
S20250021,嵌入式系统实验,2025-12-26,课堂互动,20.0,,
S20250021,嵌入式系统实验,2025-11-01,实验操作,60.46200584529351,0.0,50.51037302242538
S20250021,嵌入式系统实验,2025-12-08,实验操作,65.9794853407318,0.0,48.19781934142537
S20250022,嵌入式系统实验,2025-12-28,课堂互动,40.0,,
S20250022,嵌入式系统实验,2025-11-16,作业提交,96.76897643672447,,
S20250022,嵌入式系统实验,2025-10-28,作业提交,79.0982699982798,,
S20250022,嵌入式系统实验,2025-11-24,实验操作,66.31555117208744,1.0,45.636883936516156
S20250022,嵌入式系统实验,2025-09-24,作业提交,94.4738407480471,,
S20250022,嵌入式系统实验,2025-09-29,课堂互动,20.0,,
S20250022,嵌入式系统实验,2025-10-14,作业提交,84.60765863056234,,
S20250022,嵌入式系统实验,2025-12-23,作业提交,76.59269826940958,,
S20250022,嵌入式系统实验,2025-09-10,实验操作,81.01788324490335,0.0,30.973947282003067
S20250022,嵌入式系统实验,2025-09-05,作业提交,100.0,,
S20250022,嵌入式系统实验,2025-11-29,测验,47.610461762956874,,
S20250023,嵌入式系统实验,2025-12-05,测验,57.527706439673665,,
S20250023,嵌入式系统实验,2025-11-01,课堂互动,100.0,,
S20250023,嵌入式系统实验,2025-09-29,课堂互动,20.0,,
S20250023,嵌入式系统实验,2025-09-07,测验,57.06866921975445,,
S20250023,嵌入式系统实验,2025-10-23,实验操作,88.42386565416662,1.0,38.26509375756132
S20250023,嵌入式系统实验,2025-12-28,测验,75.02189492002843,,
S20250023,嵌入式系统实验,2025-11-12,测验,54.96375304132437,,
S20250023,嵌入式系统实验,2025-09-14,课堂互动,40.0,,
S20250023,嵌入式系统实验,2025-10-11,实验操作,100.0,0.0,50.243627472529106
S20250023,嵌入式系统实验,2025-12-01,课堂互动,80.0,,
S20250023,嵌入式系统实验,2025-10-08,实验操作,63.976343782833005,1.0,57.24584437626143
S20250023,嵌入式系统实验,2025-10-01,课堂互动,60.0,,
S20250023,嵌入式系统实验,2025-12-03,测验,99.22113812138282,,
S20250023,嵌入式系统实验,2025-12-14,实验操作,51.94578059960519,2.0,47.67751224364462
S20250023,嵌入式系统实验,2025-09-28,实验操作,62.944881480454036,0.0,61.391168054440676
S20250024,嵌入式系统实验,2025-12-13,课堂互动,0.0,,
S20250024,嵌入式系统实验,2025-09-26,实验操作,89.64575930193155,1.0,56.04049136483354
S20250024,嵌入式系统实验,2025-11-04,测验,75.44833628192775,,
S20250024,嵌入式系统实验,2025-09-25,测验,60.385329705614254,,
S20250024,嵌入式系统实验,2025-10-14,实验操作,50.65431159801382,0.0,50.63345462505024
S20250024,嵌入式系统实验,2025-09-06,测验,59.529743548924415,,
S20250024,嵌入式系统实验,2025-12-24,作业提交,67.8229192316856,,
S20250024,嵌入式系统实验,2025-09-08,课堂互动,80.0,,
S20250024,嵌入式系统实验,2025-11-11,测验,58.313004188811874,,
S20250024,嵌入式系统实验,2025-09-24,作业提交,65.31271679885292,,
S20250024,嵌入式系统实验,2025-09-16,实验操作,75.51125202388839,0.0,37.30026768941358
S20250024,嵌入式系统实验,2025-09-15,测验,58.807270590884954,,
S20250024,嵌入式系统实验,2025-09-28,实验操作,85.52059597258834,0.0,48.30880232214457
S20250025,嵌入式系统实验,2025-09-23,实验操作,87.50293442413387,0.0,33.273967431386836
S20250025,嵌入式系统实验,2025-10-10,作业提交,65.19838278463874,,
S20250025,嵌入式系统实验,2025-10-22,实验操作,85.42496851165312,1.0,64.46542837514765
S20250025,嵌入式系统实验,2025-09-08,作业提交,81.15720462552189,,
S20250025,嵌入式系统实验,2025-09-20,测验,57.744028923296526,,
S20250025,嵌入式系统实验,2025-11-21,测验,52.167537004521336,,
S20250025,嵌入式系统实验,2025-09-19,作业提交,87.55296301864145,,
S20250025,嵌入式系统实验,2025-10-16,课堂互动,40.0,,
S20250025,嵌入式系统实验,2025-11-03,课堂互动,60.0,,
S20250025,嵌入式系统实验,2025-11-09,测验,53.530736779911464,,
S20250025,嵌入式系统实验,2025-10-07,课堂互动,100.0,,
S20250025,嵌入式系统实验,2025-11-19,实验操作,76.21915264150542,0.0,37.64470057410233
S20250025,嵌入式系统实验,2025-09-05,课堂互动,0.0,,
S20250026,嵌入式系统实验,2025-11-12,实验操作,93.54139762815656,1.0,34.07687235327421
S20250026,嵌入式系统实验,2025-10-30,测验,64.30464790549357,,
S20250026,嵌入式系统实验,2025-11-13,课堂互动,40.0,,
S20250026,嵌入式系统实验,2025-10-17,作业提交,94.5571723997502,,
S20250026,嵌入式系统实验,2025-09-10,课堂互动,0.0,,
S20250026,嵌入式系统实验,2025-11-10,作业提交,81.70060296367886,,
S20250026,嵌入式系统实验,2025-11-11,课堂互动,40.0,,
S20250026,嵌入式系统实验,2025-11-17,测验,100.0,,
S20250026,嵌入式系统实验,2025-12-14,作业提交,84.71981407273246,,
S20250026,嵌入式系统实验,2025-10-30,实验操作,77.88073674735047,0.0,41.908835357974986
S20250026,嵌入式系统实验,2025-11-11,课堂互动,80.0,,
S20250026,嵌入式系统实验,2025-11-06,测验,79.06724883182366,,
S20250026,嵌入式系统实验,2025-09-02,课堂互动,20.0,,
S20250027,嵌入式系统实验,2025-09-18,测验,80.48312727971313,,
S20250027,嵌入式系统实验,2025-10-18,课堂互动,0.0,,
S20250027,嵌入式系统实验,2025-12-28,课堂互动,40.0,,
S20250027,嵌入式系统实验,2025-11-19,作业提交,67.15286794117277,,
S20250027,嵌入式系统实验,2025-10-25,作业提交,69.32304677856118,,
S20250027,嵌入式系统实验,2025-12-11,课堂互动,60.0,,
S20250027,嵌入式系统实验,2025-12-27,作业提交,71.54854750170574,,
S20250027,嵌入式系统实验,2025-12-26,作业提交,77.13343102560083,,
S20250027,嵌入式系统实验,2025-11-12,作业提交,81.04623685047716,,
S20250028,嵌入式系统实验,2025-09-17,实验操作,85.62133682785014,0.0,33.966333938261265
S20250028,嵌入式系统实验,2025-12-02,课堂互动,0.0,,
S20250028,嵌入式系统实验,2025-09-18,实验操作,42.706641105712755,5.0,45.81829358547565
S20250028,嵌入式系统实验,2025-09-06,课堂互动,80.0,,
S20250028,嵌入式系统实验,2025-11-03,作业提交,78.81332416170629,,
S20250028,嵌入式系统实验,2025-11-10,测验,86.54337669377983,,
S20250028,嵌入式系统实验,2025-10-01,作业提交,76.51670546973618,,
S20250028,嵌入式系统实验,2025-11-26,作业提交,83.20870776886284,,
S20250028,嵌入式系统实验,2025-10-28,作业提交,83.86037367435216,,
S20250028,嵌入式系统实验,2025-12-24,作业提交,71.98291455628342,,
S20250029,嵌入式系统实验,2025-09-24,实验操作,89.88063524304785,0.0,33.12087191357935
S20250029,嵌入式系统实验,2025-11-21,测验,63.64571097893988,,
S20250029,嵌入式系统实验,2025-12-11,课堂互动,100.0,,
S20250029,嵌入式系统实验,2025-10-10,作业提交,67.56108900372443,,
S20250029,嵌入式系统实验,2025-11-25,测验,93.63523328059686,,
S20250029,嵌入式系统实验,2025-11-25,课堂互动,100.0,,
S20250029,嵌入式系统实验,2025-11-09,测验,70.90964468069211,,
S20250029,嵌入式系统实验,2025-11-21,作业提交,82.04596682048516,,
S20250029,嵌入式系统实验,2025-09-09,作业提交,77.29824167179974,,
S20250029,嵌入式系统实验,2025-10-12,课堂互动,60.0,,
S20250029,嵌入式系统实验,2025-12-13,作业提交,82.3709470646169,,
S20250029,嵌入式系统实验,2025-11-27,课堂互动,100.0,,
S20250029,嵌入式系统实验,2025-12-04,测验,100.0,,
S20250029,嵌入式系统实验,2025-12-27,测验,64.59747488093515,,
S20250029,嵌入式系统实验,2025-11-10,课堂互动,60.0,,
S20250030,嵌入式系统实验,2025-09-30,作业提交,72.19504358348007,,
S20250030,嵌入式系统实验,2025-09-08,作业提交,86.35631759486532,,
S20250030,嵌入式系统实验,2025-11-23,作业提交,49.69137639677014,,
S20250030,嵌入式系统实验,2025-11-19,课堂互动,0.0,,
S20250030,嵌入式系统实验,2025-11-04,测验,71.1512221643968,,
S20250030,嵌入式系统实验,2025-09-23,课堂互动,80.0,,
S20250030,嵌入式系统实验,2025-11-09,实验操作,69.42430645060648,0.0,35.07686733963906
S20250030,嵌入式系统实验,2025-11-20,实验操作,75.8497488734566,1.0,50.29692754356731
S20250030,嵌入式系统实验,2025-09-28,课堂互动,0.0,,
S20250030,嵌入式系统实验,2025-12-25,作业提交,80.77369297772144,,
S20250030,嵌入式系统实验,2025-09-17,课堂互动,60.0,,
S20250030,嵌入式系统实验,2025-12-17,作业提交,56.294401203753544,,
S20250030,嵌入式系统实验,2025-10-24,测验,53.09196291126242,,
S20250030,嵌入式系统实验,2025-10-18,实验操作,72.83868666417577,1.0,60.30750832343698
